state,candidate,percent_chance,date,url
alabama,Biden,69,2020-01-19,https://projects.fivethirtyeight.com/2020-primary-forecast/alabama
alabama,Sanders,13,2020-01-19,https://projects.fivethirtyeight.com/2020-primary-forecast/alabama
alabama,Warren,10,2020-01-19,https://projects.fivethirtyeight.com/2020-primary-forecast/alabama
alabama,Buttigieg,7,2020-01-19,https://projects.fivethirtyeight.com/2020-primary-forecast/alabama
alabama,Bloomberg,0.8,2020-01-19,https://projects.fivethirtyeight.com/2020-primary-forecast/alabama
alabama,Klobuchar,0.5,2020-01-19,https://projects.fivethirtyeight.com/2020-primary-forecast/alabama
alabama,Steyer,0.2,2020-01-19,https://projects.fivethirtyeight.com/2020-primary-forecast/alabama
alabama,Yang,0.1,2020-01-19,https://projects.fivethirtyeight.com/2020-primary-forecast/alabama
alabama,Bennet,0.1,2020-01-19,https://projects.fivethirtyeight.com/2020-primary-forecast/alabama
alabama,Delaney,0.1,2020-01-19,https://projects.fivethirtyeight.com/2020-primary-forecast/alabama
alabama,Gabbard,0.1,2020-01-19,https://projects.fivethirtyeight.com/2020-primary-forecast/alabama
alabama,Patrick,0,2020-01-19,https://projects.fivethirtyeight.com/2020-primary-forecast/alabama
alaska,Biden,42,2020-01-19,https://projects.fivethirtyeight.com/2020-primary-forecast/alaska
alaska,Sanders,27,2020-01-19,https://projects.fivethirtyeight.com/2020-primary-forecast/alaska
alaska,Warren,16,2020-01-19,https://projects.fivethirtyeight.com/2020-primary-forecast/alaska
alaska,Buttigieg,12,2020-01-19,https://projects.fivethirtyeight.com/2020-primary-forecast/alaska
alaska,Klobuchar,0.6,2020-01-19,https://projects.fivethirtyeight.com/2020-primary-forecast/alaska
alaska,Bloomberg,0.6,2020-01-19,https://projects.fivethirtyeight.com/2020-primary-forecast/alaska
alaska,Steyer,0.3,2020-01-19,https://projects.fivethirtyeight.com/2020-primary-forecast/alaska
alaska,Yang,0.2,2020-01-19,https://projects.fivethirtyeight.com/2020-primary-forecast/alaska
alaska,Gabbard,0.1,2020-01-19,https://projects.fivethirtyeight.com/2020-primary-forecast/alaska
alaska,Bennet,0.1,2020-01-19,https://projects.fivethirtyeight.com/2020-primary-forecast/alaska
alaska,Delaney,0.1,2020-01-19,https://projects.fivethirtyeight.com/2020-primary-forecast/alaska
alaska,Patrick,0.1,2020-01-19,https://projects.fivethirtyeight.com/2020-primary-forecast/alaska
arizona,Biden,44,2020-01-19,https://projects.fivethirtyeight.com/2020-primary-forecast/arizona
arizona,Sanders,26,2020-01-19,https://projects.fivethirtyeight.com/2020-primary-forecast/arizona
arizona,Warren,18,2020-01-19,https://projects.fivethirtyeight.com/2020-primary-forecast/arizona
arizona,Buttigieg,12,2020-01-19,https://projects.fivethirtyeight.com/2020-primary-forecast/arizona
arizona,Klobuchar,0.5,2020-01-19,https://projects.fivethirtyeight.com/2020-primary-forecast/arizona
arizona,Bloomberg,0.4,2020-01-19,https://projects.fivethirtyeight.com/2020-primary-forecast/arizona
arizona,Steyer,0.2,2020-01-19,https://projects.fivethirtyeight.com/2020-primary-forecast/arizona
arizona,Yang,0.1,2020-01-19,https://projects.fivethirtyeight.com/2020-primary-forecast/arizona
arizona,Bennet,0.1,2020-01-19,https://projects.fivethirtyeight.com/2020-primary-forecast/arizona
arizona,Patrick,0.1,2020-01-19,https://projects.fivethirtyeight.com/2020-primary-forecast/arizona
arizona,Gabbard,0.1,2020-01-19,https://projects.fivethirtyeight.com/2020-primary-forecast/arizona
arizona,Delaney,0,2020-01-19,https://projects.fivethirtyeight.com/2020-primary-forecast/arizona
arkansas,Biden,56,2020-01-19,https://projects.fivethirtyeight.com/2020-primary-forecast/arkansas
arkansas,Sanders,22,2020-01-19,https://projects.fivethirtyeight.com/2020-primary-forecast/arkansas
arkansas,Warren,13,2020-01-19,https://projects.fivethirtyeight.com/2020-primary-forecast/arkansas
arkansas,Buttigieg,8,2020-01-19,https://projects.fivethirtyeight.com/2020-primary-forecast/arkansas
arkansas,Bloomberg,0.6,2020-01-19,https://projects.fivethirtyeight.com/2020-primary-forecast/arkansas
arkansas,Klobuchar,0.5,2020-01-19,https://projects.fivethirtyeight.com/2020-primary-forecast/arkansas
arkansas,Steyer,0.2,2020-01-19,https://projects.fivethirtyeight.com/2020-primary-forecast/arkansas
arkansas,Yang,0.1,2020-01-19,https://projects.fivethirtyeight.com/2020-primary-forecast/arkansas
arkansas,Delaney,0,2020-01-19,https://projects.fivethirtyeight.com/2020-primary-forecast/arkansas
arkansas,Patrick,0,2020-01-19,https://projects.fivethirtyeight.com/2020-primary-forecast/arkansas
arkansas,Gabbard,0,2020-01-19,https://projects.fivethirtyeight.com/2020-primary-forecast/arkansas
arkansas,Bennet,0,2020-01-19,https://projects.fivethirtyeight.com/2020-primary-forecast/arkansas
california,Biden,37,2020-01-19,https://projects.fivethirtyeight.com/2020-primary-forecast/california
california,Sanders,30,2020-01-19,https://projects.fivethirtyeight.com/2020-primary-forecast/california
california,Warren,21,2020-01-19,https://projects.fivethirtyeight.com/2020-primary-forecast/california
california,Buttigieg,10,2020-01-19,https://projects.fivethirtyeight.com/2020-primary-forecast/california
california,Klobuchar,0.5,2020-01-19,https://projects.fivethirtyeight.com/2020-primary-forecast/california
california,Bloomberg,0.2,2020-01-19,https://projects.fivethirtyeight.com/2020-primary-forecast/california
california,Steyer,0.2,2020-01-19,https://projects.fivethirtyeight.com/2020-primary-forecast/california
california,Yang,0.1,2020-01-19,https://projects.fivethirtyeight.com/2020-primary-forecast/california
california,Gabbard,0.1,2020-01-19,https://projects.fivethirtyeight.com/2020-primary-forecast/california
california,Delaney,0,2020-01-19,https://projects.fivethirtyeight.com/2020-primary-forecast/california
california,Patrick,0,2020-01-19,https://projects.fivethirtyeight.com/2020-primary-forecast/california
california,Bennet,0,2020-01-19,https://projects.fivethirtyeight.com/2020-primary-forecast/california
colorado,Biden,36,2020-01-19,https://projects.fivethirtyeight.com/2020-primary-forecast/colorado
colorado,Sanders,32,2020-01-19,https://projects.fivethirtyeight.com/2020-primary-forecast/colorado
colorado,Warren,20,2020-01-19,https://projects.fivethirtyeight.com/2020-primary-forecast/colorado
colorado,Buttigieg,11,2020-01-19,https://projects.fivethirtyeight.com/2020-primary-forecast/colorado
colorado,Klobuchar,0.4,2020-01-19,https://projects.fivethirtyeight.com/2020-primary-forecast/colorado
colorado,Bloomberg,0.3,2020-01-19,https://projects.fivethirtyeight.com/2020-primary-forecast/colorado
colorado,Steyer,0.1,2020-01-19,https://projects.fivethirtyeight.com/2020-primary-forecast/colorado
colorado,Yang,0.1,2020-01-19,https://projects.fivethirtyeight.com/2020-primary-forecast/colorado
colorado,Patrick,0.1,2020-01-19,https://projects.fivethirtyeight.com/2020-primary-forecast/colorado
colorado,Gabbard,0.1,2020-01-19,https://projects.fivethirtyeight.com/2020-primary-forecast/colorado
colorado,Bennet,0.1,2020-01-19,https://projects.fivethirtyeight.com/2020-primary-forecast/colorado
colorado,Delaney,0,2020-01-19,https://projects.fivethirtyeight.com/2020-primary-forecast/colorado
connecticut,Biden,47,2020-01-19,https://projects.fivethirtyeight.com/2020-primary-forecast/connecticut
connecticut,Sanders,23,2020-01-19,https://projects.fivethirtyeight.com/2020-primary-forecast/connecticut
connecticut,Warren,16,2020-01-19,https://projects.fivethirtyeight.com/2020-primary-forecast/connecticut
connecticut,Buttigieg,11,2020-01-19,https://projects.fivethirtyeight.com/2020-primary-forecast/connecticut
connecticut,Klobuchar,0.8,2020-01-19,https://projects.fivethirtyeight.com/2020-primary-forecast/connecticut
connecticut,Bloomberg,0.6,2020-01-19,https://projects.fivethirtyeight.com/2020-primary-forecast/connecticut
connecticut,Steyer,0.2,2020-01-19,https://projects.fivethirtyeight.com/2020-primary-forecast/connecticut
connecticut,Yang,0.2,2020-01-19,https://projects.fivethirtyeight.com/2020-primary-forecast/connecticut
connecticut,Gabbard,0.1,2020-01-19,https://projects.fivethirtyeight.com/2020-primary-forecast/connecticut
connecticut,Bennet,0.1,2020-01-19,https://projects.fivethirtyeight.com/2020-primary-forecast/connecticut
connecticut,Delaney,0.1,2020-01-19,https://projects.fivethirtyeight.com/2020-primary-forecast/connecticut
connecticut,Patrick,0.1,2020-01-19,https://projects.fivethirtyeight.com/2020-primary-forecast/connecticut
delaware,Biden,61,2020-01-19,https://projects.fivethirtyeight.com/2020-primary-forecast/delaware
delaware,Sanders,17,2020-01-19,https://projects.fivethirtyeight.com/2020-primary-forecast/delaware
delaware,Warren,11,2020-01-19,https://projects.fivethirtyeight.com/2020-primary-forecast/delaware
delaware,Buttigieg,9,2020-01-19,https://projects.fivethirtyeight.com/2020-primary-forecast/delaware
delaware,Klobuchar,0.7,2020-01-19,https://projects.fivethirtyeight.com/2020-primary-forecast/delaware
delaware,Bloomberg,0.4,2020-01-19,https://projects.fivethirtyeight.com/2020-primary-forecast/delaware
delaware,Steyer,0.2,2020-01-19,https://projects.fivethirtyeight.com/2020-primary-forecast/delaware
delaware,Delaney,0.1,2020-01-19,https://projects.fivethirtyeight.com/2020-primary-forecast/delaware
delaware,Yang,0.1,2020-01-19,https://projects.fivethirtyeight.com/2020-primary-forecast/delaware
delaware,Gabbard,0.1,2020-01-19,https://projects.fivethirtyeight.com/2020-primary-forecast/delaware
delaware,Bennet,0.1,2020-01-19,https://projects.fivethirtyeight.com/2020-primary-forecast/delaware
delaware,Patrick,0.1,2020-01-19,https://projects.fivethirtyeight.com/2020-primary-forecast/delaware
florida,Biden,55,2020-01-19,https://projects.fivethirtyeight.com/2020-primary-forecast/florida
florida,Sanders,21,2020-01-19,https://projects.fivethirtyeight.com/2020-primary-forecast/florida
florida,Warren,13,2020-01-19,https://projects.fivethirtyeight.com/2020-primary-forecast/florida
florida,Buttigieg,10,2020-01-19,https://projects.fivethirtyeight.com/2020-primary-forecast/florida
florida,Klobuchar,0.5,2020-01-19,https://projects.fivethirtyeight.com/2020-primary-forecast/florida
florida,Bloomberg,0.4,2020-01-19,https://projects.fivethirtyeight.com/2020-primary-forecast/florida
florida,Steyer,0.1,2020-01-19,https://projects.fivethirtyeight.com/2020-primary-forecast/florida
florida,Yang,0.1,2020-01-19,https://projects.fivethirtyeight.com/2020-primary-forecast/florida
florida,Bennet,0.1,2020-01-19,https://projects.fivethirtyeight.com/2020-primary-forecast/florida
florida,Patrick,0.1,2020-01-19,https://projects.fivethirtyeight.com/2020-primary-forecast/florida
florida,Delaney,0.1,2020-01-19,https://projects.fivethirtyeight.com/2020-primary-forecast/florida
florida,Gabbard,0.1,2020-01-19,https://projects.fivethirtyeight.com/2020-primary-forecast/florida
georgia,Biden,55,2020-01-19,https://projects.fivethirtyeight.com/2020-primary-forecast/georgia
georgia,Sanders,20,2020-01-19,https://projects.fivethirtyeight.com/2020-primary-forecast/georgia
georgia,Warren,13,2020-01-19,https://projects.fivethirtyeight.com/2020-primary-forecast/georgia
georgia,Buttigieg,10,2020-01-19,https://projects.fivethirtyeight.com/2020-primary-forecast/georgia
georgia,Bloomberg,1.0,2020-01-19,https://projects.fivethirtyeight.com/2020-primary-forecast/georgia
georgia,Klobuchar,0.6,2020-01-19,https://projects.fivethirtyeight.com/2020-primary-forecast/georgia
georgia,Steyer,0.2,2020-01-19,https://projects.fivethirtyeight.com/2020-primary-forecast/georgia
georgia,Yang,0.1,2020-01-19,https://projects.fivethirtyeight.com/2020-primary-forecast/georgia
georgia,Bennet,0.1,2020-01-19,https://projects.fivethirtyeight.com/2020-primary-forecast/georgia
georgia,Gabbard,0.1,2020-01-19,https://projects.fivethirtyeight.com/2020-primary-forecast/georgia
georgia,Delaney,0.1,2020-01-19,https://projects.fivethirtyeight.com/2020-primary-forecast/georgia
georgia,Patrick,0.1,2020-01-19,https://projects.fivethirtyeight.com/2020-primary-forecast/georgia
hawaii,Biden,42,2020-01-19,https://projects.fivethirtyeight.com/2020-primary-forecast/hawaii
hawaii,Sanders,26,2020-01-19,https://projects.fivethirtyeight.com/2020-primary-forecast/hawaii
hawaii,Warren,17,2020-01-19,https://projects.fivethirtyeight.com/2020-primary-forecast/hawaii
hawaii,Buttigieg,11,2020-01-19,https://projects.fivethirtyeight.com/2020-primary-forecast/hawaii
hawaii,Gabbard,0.7,2020-01-19,https://projects.fivethirtyeight.com/2020-primary-forecast/hawaii
hawaii,Klobuchar,0.7,2020-01-19,https://projects.fivethirtyeight.com/2020-primary-forecast/hawaii
hawaii,Bloomberg,0.6,2020-01-19,https://projects.fivethirtyeight.com/2020-primary-forecast/hawaii
hawaii,Steyer,0.3,2020-01-19,https://projects.fivethirtyeight.com/2020-primary-forecast/hawaii
hawaii,Yang,0.2,2020-01-19,https://projects.fivethirtyeight.com/2020-primary-forecast/hawaii
hawaii,Delaney,0.1,2020-01-19,https://projects.fivethirtyeight.com/2020-primary-forecast/hawaii
hawaii,Bennet,0.1,2020-01-19,https://projects.fivethirtyeight.com/2020-primary-forecast/hawaii
hawaii,Patrick,0.1,2020-01-19,https://projects.fivethirtyeight.com/2020-primary-forecast/hawaii
idaho,Biden,42,2020-01-19,https://projects.fivethirtyeight.com/2020-primary-forecast/idaho
idaho,Sanders,29,2020-01-19,https://projects.fivethirtyeight.com/2020-primary-forecast/idaho
idaho,Warren,17,2020-01-19,https://projects.fivethirtyeight.com/2020-primary-forecast/idaho
idaho,Buttigieg,11,2020-01-19,https://projects.fivethirtyeight.com/2020-primary-forecast/idaho
idaho,Klobuchar,0.7,2020-01-19,https://projects.fivethirtyeight.com/2020-primary-forecast/idaho
idaho,Bloomberg,0.5,2020-01-19,https://projects.fivethirtyeight.com/2020-primary-forecast/idaho
idaho,Steyer,0.2,2020-01-19,https://projects.fivethirtyeight.com/2020-primary-forecast/idaho
idaho,Yang,0.1,2020-01-19,https://projects.fivethirtyeight.com/2020-primary-forecast/idaho
idaho,Bennet,0.1,2020-01-19,https://projects.fivethirtyeight.com/2020-primary-forecast/idaho
idaho,Delaney,0,2020-01-19,https://projects.fivethirtyeight.com/2020-primary-forecast/idaho
idaho,Patrick,0,2020-01-19,https://projects.fivethirtyeight.com/2020-primary-forecast/idaho
idaho,Gabbard,0,2020-01-19,https://projects.fivethirtyeight.com/2020-primary-forecast/idaho
illinois,Biden,47,2020-01-19,https://projects.fivethirtyeight.com/2020-primary-forecast/illinois
illinois,Sanders,23,2020-01-19,https://projects.fivethirtyeight.com/2020-primary-forecast/illinois
illinois,Warren,16,2020-01-19,https://projects.fivethirtyeight.com/2020-primary-forecast/illinois
illinois,Buttigieg,14,2020-01-19,https://projects.fivethirtyeight.com/2020-primary-forecast/illinois
illinois,Klobuchar,0.5,2020-01-19,https://projects.fivethirtyeight.com/2020-primary-forecast/illinois
illinois,Bloomberg,0.3,2020-01-19,https://projects.fivethirtyeight.com/2020-primary-forecast/illinois
illinois,Steyer,0.2,2020-01-19,https://projects.fivethirtyeight.com/2020-primary-forecast/illinois
illinois,Yang,0.1,2020-01-19,https://projects.fivethirtyeight.com/2020-primary-forecast/illinois
illinois,Patrick,0.1,2020-01-19,https://projects.fivethirtyeight.com/2020-primary-forecast/illinois
illinois,Gabbard,0.1,2020-01-19,https://projects.fivethirtyeight.com/2020-primary-forecast/illinois
illinois,Bennet,0.1,2020-01-19,https://projects.fivethirtyeight.com/2020-primary-forecast/illinois
illinois,Delaney,0,2020-01-19,https://projects.fivethirtyeight.com/2020-primary-forecast/illinois
indiana,Biden,43,2020-01-19,https://projects.fivethirtyeight.com/2020-primary-forecast/indiana
indiana,Sanders,22,2020-01-19,https://projects.fivethirtyeight.com/2020-primary-forecast/indiana
indiana,Buttigieg,20,2020-01-19,https://projects.fivethirtyeight.com/2020-primary-forecast/indiana
indiana,Warren,11,2020-01-19,https://projects.fivethirtyeight.com/2020-primary-forecast/indiana
indiana,Klobuchar,0.7,2020-01-19,https://projects.fivethirtyeight.com/2020-primary-forecast/indiana
indiana,Bloomberg,0.7,2020-01-19,https://projects.fivethirtyeight.com/2020-primary-forecast/indiana
indiana,Steyer,0.4,2020-01-19,https://projects.fivethirtyeight.com/2020-primary-forecast/indiana
indiana,Yang,0.4,2020-01-19,https://projects.fivethirtyeight.com/2020-primary-forecast/indiana
indiana,Gabbard,0.3,2020-01-19,https://projects.fivethirtyeight.com/2020-primary-forecast/indiana
indiana,Bennet,0.2,2020-01-19,https://projects.fivethirtyeight.com/2020-primary-forecast/indiana
indiana,Delaney,0.2,2020-01-19,https://projects.fivethirtyeight.com/2020-primary-forecast/indiana
indiana,Patrick,0.1,2020-01-19,https://projects.fivethirtyeight.com/2020-primary-forecast/indiana
iowa,Biden,35,2020-01-19,https://projects.fivethirtyeight.com/2020-primary-forecast/iowa
iowa,Sanders,23,2020-01-19,https://projects.fivethirtyeight.com/2020-primary-forecast/iowa
iowa,Buttigieg,22,2020-01-19,https://projects.fivethirtyeight.com/2020-primary-forecast/iowa
iowa,Warren,17,2020-01-19,https://projects.fivethirtyeight.com/2020-primary-forecast/iowa
iowa,Klobuchar,2,2020-01-19,https://projects.fivethirtyeight.com/2020-primary-forecast/iowa
iowa,Steyer,0.3,2020-01-19,https://projects.fivethirtyeight.com/2020-primary-forecast/iowa
iowa,Yang,0.3,2020-01-19,https://projects.fivethirtyeight.com/2020-primary-forecast/iowa
iowa,Bloomberg,0.1,2020-01-19,https://projects.fivethirtyeight.com/2020-primary-forecast/iowa
iowa,Patrick,0.1,2020-01-19,https://projects.fivethirtyeight.com/2020-primary-forecast/iowa
iowa,Delaney,0.1,2020-01-19,https://projects.fivethirtyeight.com/2020-primary-forecast/iowa
iowa,Gabbard,0.1,2020-01-19,https://projects.fivethirtyeight.com/2020-primary-forecast/iowa
iowa,Bennet,0.1,2020-01-19,https://projects.fivethirtyeight.com/2020-primary-forecast/iowa
kansas,Biden,46,2020-01-19,https://projects.fivethirtyeight.com/2020-primary-forecast/kansas
kansas,Sanders,23,2020-01-19,https://projects.fivethirtyeight.com/2020-primary-forecast/kansas
kansas,Warren,15,2020-01-19,https://projects.fivethirtyeight.com/2020-primary-forecast/kansas
kansas,Buttigieg,12,2020-01-19,https://projects.fivethirtyeight.com/2020-primary-forecast/kansas
kansas,Bloomberg,0.9,2020-01-19,https://projects.fivethirtyeight.com/2020-primary-forecast/kansas
kansas,Klobuchar,0.8,2020-01-19,https://projects.fivethirtyeight.com/2020-primary-forecast/kansas
kansas,Yang,0.4,2020-01-19,https://projects.fivethirtyeight.com/2020-primary-forecast/kansas
kansas,Steyer,0.4,2020-01-19,https://projects.fivethirtyeight.com/2020-primary-forecast/kansas
kansas,Gabbard,0.3,2020-01-19,https://projects.fivethirtyeight.com/2020-primary-forecast/kansas
kansas,Patrick,0.2,2020-01-19,https://projects.fivethirtyeight.com/2020-primary-forecast/kansas
kansas,Bennet,0.2,2020-01-19,https://projects.fivethirtyeight.com/2020-primary-forecast/kansas
kansas,Delaney,0.2,2020-01-19,https://projects.fivethirtyeight.com/2020-primary-forecast/kansas
kentucky,Biden,49,2020-01-19,https://projects.fivethirtyeight.com/2020-primary-forecast/kentucky
kentucky,Sanders,22,2020-01-19,https://projects.fivethirtyeight.com/2020-primary-forecast/kentucky
kentucky,Warren,14,2020-01-19,https://projects.fivethirtyeight.com/2020-primary-forecast/kentucky
kentucky,Buttigieg,12,2020-01-19,https://projects.fivethirtyeight.com/2020-primary-forecast/kentucky
kentucky,Bloomberg,1.0,2020-01-19,https://projects.fivethirtyeight.com/2020-primary-forecast/kentucky
kentucky,Klobuchar,0.8,2020-01-19,https://projects.fivethirtyeight.com/2020-primary-forecast/kentucky
kentucky,Steyer,0.7,2020-01-19,https://projects.fivethirtyeight.com/2020-primary-forecast/kentucky
kentucky,Yang,0.4,2020-01-19,https://projects.fivethirtyeight.com/2020-primary-forecast/kentucky
kentucky,Gabbard,0.3,2020-01-19,https://projects.fivethirtyeight.com/2020-primary-forecast/kentucky
kentucky,Bennet,0.3,2020-01-19,https://projects.fivethirtyeight.com/2020-primary-forecast/kentucky
kentucky,Delaney,0.3,2020-01-19,https://projects.fivethirtyeight.com/2020-primary-forecast/kentucky
kentucky,Patrick,0.3,2020-01-19,https://projects.fivethirtyeight.com/2020-primary-forecast/kentucky
louisiana,Biden,56,2020-01-19,https://projects.fivethirtyeight.com/2020-primary-forecast/louisiana
louisiana,Sanders,19,2020-01-19,https://projects.fivethirtyeight.com/2020-primary-forecast/louisiana
louisiana,Warren,13,2020-01-19,https://projects.fivethirtyeight.com/2020-primary-forecast/louisiana
louisiana,Buttigieg,9,2020-01-19,https://projects.fivethirtyeight.com/2020-primary-forecast/louisiana
louisiana,Bloomberg,0.8,2020-01-19,https://projects.fivethirtyeight.com/2020-primary-forecast/louisiana
louisiana,Klobuchar,0.6,2020-01-19,https://projects.fivethirtyeight.com/2020-primary-forecast/louisiana
louisiana,Steyer,0.3,2020-01-19,https://projects.fivethirtyeight.com/2020-primary-forecast/louisiana
louisiana,Yang,0.2,2020-01-19,https://projects.fivethirtyeight.com/2020-primary-forecast/louisiana
louisiana,Gabbard,0.1,2020-01-19,https://projects.fivethirtyeight.com/2020-primary-forecast/louisiana
louisiana,Bennet,0.1,2020-01-19,https://projects.fivethirtyeight.com/2020-primary-forecast/louisiana
louisiana,Delaney,0.1,2020-01-19,https://projects.fivethirtyeight.com/2020-primary-forecast/louisiana
louisiana,Patrick,0.1,2020-01-19,https://projects.fivethirtyeight.com/2020-primary-forecast/louisiana
maine,Biden,36,2020-01-19,https://projects.fivethirtyeight.com/2020-primary-forecast/maine
maine,Sanders,27,2020-01-19,https://projects.fivethirtyeight.com/2020-primary-forecast/maine
maine,Warren,22,2020-01-19,https://projects.fivethirtyeight.com/2020-primary-forecast/maine
maine,Buttigieg,14,2020-01-19,https://projects.fivethirtyeight.com/2020-primary-forecast/maine
maine,Klobuchar,0.5,2020-01-19,https://projects.fivethirtyeight.com/2020-primary-forecast/maine
maine,Bloomberg,0.5,2020-01-19,https://projects.fivethirtyeight.com/2020-primary-forecast/maine
maine,Yang,0.1,2020-01-19,https://projects.fivethirtyeight.com/2020-primary-forecast/maine
maine,Steyer,0.1,2020-01-19,https://projects.fivethirtyeight.com/2020-primary-forecast/maine
maine,Gabbard,0.1,2020-01-19,https://projects.fivethirtyeight.com/2020-primary-forecast/maine
maine,Delaney,0,2020-01-19,https://projects.fivethirtyeight.com/2020-primary-forecast/maine
maine,Patrick,0,2020-01-19,https://projects.fivethirtyeight.com/2020-primary-forecast/maine
maine,Bennet,0,2020-01-19,https://projects.fivethirtyeight.com/2020-primary-forecast/maine
maryland,Biden,55,2020-01-19,https://projects.fivethirtyeight.com/2020-primary-forecast/maryland
maryland,Sanders,18,2020-01-19,https://projects.fivethirtyeight.com/2020-primary-forecast/maryland
maryland,Warren,14,2020-01-19,https://projects.fivethirtyeight.com/2020-primary-forecast/maryland
maryland,Buttigieg,10,2020-01-19,https://projects.fivethirtyeight.com/2020-primary-forecast/maryland
maryland,Klobuchar,0.9,2020-01-19,https://projects.fivethirtyeight.com/2020-primary-forecast/maryland
maryland,Bloomberg,0.7,2020-01-19,https://projects.fivethirtyeight.com/2020-primary-forecast/maryland
maryland,Steyer,0.3,2020-01-19,https://projects.fivethirtyeight.com/2020-primary-forecast/maryland
maryland,Yang,0.2,2020-01-19,https://projects.fivethirtyeight.com/2020-primary-forecast/maryland
maryland,Delaney,0.2,2020-01-19,https://projects.fivethirtyeight.com/2020-primary-forecast/maryland
maryland,Bennet,0.1,2020-01-19,https://projects.fivethirtyeight.com/2020-primary-forecast/maryland
maryland,Gabbard,0.1,2020-01-19,https://projects.fivethirtyeight.com/2020-primary-forecast/maryland
maryland,Patrick,0.1,2020-01-19,https://projects.fivethirtyeight.com/2020-primary-forecast/maryland
massachusetts,Biden,33,2020-01-19,https://projects.fivethirtyeight.com/2020-primary-forecast/massachusetts
massachusetts,Warren,31,2020-01-19,https://projects.fivethirtyeight.com/2020-primary-forecast/massachusetts
massachusetts,Sanders,23,2020-01-19,https://projects.fivethirtyeight.com/2020-primary-forecast/massachusetts
massachusetts,Buttigieg,12,2020-01-19,https://projects.fivethirtyeight.com/2020-primary-forecast/massachusetts
massachusetts,Klobuchar,0.5,2020-01-19,https://projects.fivethirtyeight.com/2020-primary-forecast/massachusetts
massachusetts,Bloomberg,0.4,2020-01-19,https://projects.fivethirtyeight.com/2020-primary-forecast/massachusetts
massachusetts,Steyer,0.1,2020-01-19,https://projects.fivethirtyeight.com/2020-primary-forecast/massachusetts
massachusetts,Yang,0.1,2020-01-19,https://projects.fivethirtyeight.com/2020-primary-forecast/massachusetts
massachusetts,Gabbard,0.1,2020-01-19,https://projects.fivethirtyeight.com/2020-primary-forecast/massachusetts
massachusetts,Delaney,0,2020-01-19,https://projects.fivethirtyeight.com/2020-primary-forecast/massachusetts
massachusetts,Patrick,0,2020-01-19,https://projects.fivethirtyeight.com/2020-primary-forecast/massachusetts
massachusetts,Bennet,0,2020-01-19,https://projects.fivethirtyeight.com/2020-primary-forecast/massachusetts
michigan,Biden,47,2020-01-19,https://projects.fivethirtyeight.com/2020-primary-forecast/michigan
michigan,Sanders,26,2020-01-19,https://projects.fivethirtyeight.com/2020-primary-forecast/michigan
michigan,Warren,16,2020-01-19,https://projects.fivethirtyeight.com/2020-primary-forecast/michigan
michigan,Buttigieg,10,2020-01-19,https://projects.fivethirtyeight.com/2020-primary-forecast/michigan
michigan,Klobuchar,0.5,2020-01-19,https://projects.fivethirtyeight.com/2020-primary-forecast/michigan
michigan,Bloomberg,0.2,2020-01-19,https://projects.fivethirtyeight.com/2020-primary-forecast/michigan
michigan,Steyer,0.1,2020-01-19,https://projects.fivethirtyeight.com/2020-primary-forecast/michigan
michigan,Yang,0.1,2020-01-19,https://projects.fivethirtyeight.com/2020-primary-forecast/michigan
michigan,Gabbard,0.1,2020-01-19,https://projects.fivethirtyeight.com/2020-primary-forecast/michigan
michigan,Delaney,0,2020-01-19,https://projects.fivethirtyeight.com/2020-primary-forecast/michigan
michigan,Patrick,0,2020-01-19,https://projects.fivethirtyeight.com/2020-primary-forecast/michigan
michigan,Bennet,0,2020-01-19,https://projects.fivethirtyeight.com/2020-primary-forecast/michigan
minnesota,Biden,31,2020-01-19,https://projects.fivethirtyeight.com/2020-primary-forecast/minnesota
minnesota,Sanders,25,2020-01-19,https://projects.fivethirtyeight.com/2020-primary-forecast/minnesota
minnesota,Warren,20,2020-01-19,https://projects.fivethirtyeight.com/2020-primary-forecast/minnesota
minnesota,Buttigieg,14,2020-01-19,https://projects.fivethirtyeight.com/2020-primary-forecast/minnesota
minnesota,Klobuchar,9,2020-01-19,https://projects.fivethirtyeight.com/2020-primary-forecast/minnesota
minnesota,Bloomberg,0.4,2020-01-19,https://projects.fivethirtyeight.com/2020-primary-forecast/minnesota
minnesota,Steyer,0.1,2020-01-19,https://projects.fivethirtyeight.com/2020-primary-forecast/minnesota
minnesota,Yang,0.1,2020-01-19,https://projects.fivethirtyeight.com/2020-primary-forecast/minnesota
minnesota,Delaney,0,2020-01-19,https://projects.fivethirtyeight.com/2020-primary-forecast/minnesota
minnesota,Patrick,0,2020-01-19,https://projects.fivethirtyeight.com/2020-primary-forecast/minnesota
minnesota,Gabbard,0,2020-01-19,https://projects.fivethirtyeight.com/2020-primary-forecast/minnesota
minnesota,Bennet,0,2020-01-19,https://projects.fivethirtyeight.com/2020-primary-forecast/minnesota
mississippi,Biden,65,2020-01-19,https://projects.fivethirtyeight.com/2020-primary-forecast/mississippi
mississippi,Sanders,17,2020-01-19,https://projects.fivethirtyeight.com/2020-primary-forecast/mississippi
mississippi,Warren,10,2020-01-19,https://projects.fivethirtyeight.com/2020-primary-forecast/mississippi
mississippi,Buttigieg,7,2020-01-19,https://projects.fivethirtyeight.com/2020-primary-forecast/mississippi
mississippi,Klobuchar,0.7,2020-01-19,https://projects.fivethirtyeight.com/2020-primary-forecast/mississippi
mississippi,Bloomberg,0.6,2020-01-19,https://projects.fivethirtyeight.com/2020-primary-forecast/mississippi
mississippi,Steyer,0.2,2020-01-19,https://projects.fivethirtyeight.com/2020-primary-forecast/mississippi
mississippi,Yang,0.1,2020-01-19,https://projects.fivethirtyeight.com/2020-primary-forecast/mississippi
mississippi,Patrick,0.1,2020-01-19,https://projects.fivethirtyeight.com/2020-primary-forecast/mississippi
mississippi,Gabbard,0.1,2020-01-19,https://projects.fivethirtyeight.com/2020-primary-forecast/mississippi
mississippi,Delaney,0,2020-01-19,https://projects.fivethirtyeight.com/2020-primary-forecast/mississippi
mississippi,Bennet,0,2020-01-19,https://projects.fivethirtyeight.com/2020-primary-forecast/mississippi
missouri,Biden,48,2020-01-19,https://projects.fivethirtyeight.com/2020-primary-forecast/missouri
missouri,Sanders,22,2020-01-19,https://projects.fivethirtyeight.com/2020-primary-forecast/missouri
missouri,Warren,16,2020-01-19,https://projects.fivethirtyeight.com/2020-primary-forecast/missouri
missouri,Buttigieg,13,2020-01-19,https://projects.fivethirtyeight.com/2020-primary-forecast/missouri
missouri,Klobuchar,0.6,2020-01-19,https://projects.fivethirtyeight.com/2020-primary-forecast/missouri
missouri,Bloomberg,0.4,2020-01-19,https://projects.fivethirtyeight.com/2020-primary-forecast/missouri
missouri,Steyer,0.1,2020-01-19,https://projects.fivethirtyeight.com/2020-primary-forecast/missouri
missouri,Yang,0.1,2020-01-19,https://projects.fivethirtyeight.com/2020-primary-forecast/missouri
missouri,Gabbard,0.1,2020-01-19,https://projects.fivethirtyeight.com/2020-primary-forecast/missouri
missouri,Delaney,0,2020-01-19,https://projects.fivethirtyeight.com/2020-primary-forecast/missouri
missouri,Patrick,0,2020-01-19,https://projects.fivethirtyeight.com/2020-primary-forecast/missouri
missouri,Bennet,0,2020-01-19,https://projects.fivethirtyeight.com/2020-primary-forecast/missouri
montana,Biden,45,2020-01-19,https://projects.fivethirtyeight.com/2020-primary-forecast/montana
montana,Sanders,22,2020-01-19,https://projects.fivethirtyeight.com/2020-primary-forecast/montana
montana,Warren,16,2020-01-19,https://projects.fivethirtyeight.com/2020-primary-forecast/montana
montana,Buttigieg,12,2020-01-19,https://projects.fivethirtyeight.com/2020-primary-forecast/montana
montana,Bloomberg,1,2020-01-19,https://projects.fivethirtyeight.com/2020-primary-forecast/montana
montana,Klobuchar,1,2020-01-19,https://projects.fivethirtyeight.com/2020-primary-forecast/montana
montana,Steyer,0.6,2020-01-19,https://projects.fivethirtyeight.com/2020-primary-forecast/montana
montana,Yang,0.6,2020-01-19,https://projects.fivethirtyeight.com/2020-primary-forecast/montana
montana,Bennet,0.4,2020-01-19,https://projects.fivethirtyeight.com/2020-primary-forecast/montana
montana,Delaney,0.3,2020-01-19,https://projects.fivethirtyeight.com/2020-primary-forecast/montana
montana,Gabbard,0.3,2020-01-19,https://projects.fivethirtyeight.com/2020-primary-forecast/montana
montana,Patrick,0.2,2020-01-19,https://projects.fivethirtyeight.com/2020-primary-forecast/montana
state,candidate,percent_chance,date,url
nebraska,Biden,45,2020-01-19,https://projects.fivethirtyeight.com/2020-primary-forecast/nebraska
nebraska,Sanders,45,2020-01-19,https://projects.fivethirtyeight.com/2020-primary-forecast/nebraska
nebraska,Buttigieg,45,2020-01-19,https://projects.fivethirtyeight.com/2020-primary-forecast/nebraska
nebraska,Warren,45,2020-01-19,https://projects.fivethirtyeight.com/2020-primary-forecast/nebraska
nebraska,Klobuchar,45,2020-01-19,https://projects.fivethirtyeight.com/2020-primary-forecast/nebraska
nebraska,Bloomberg,45,2020-01-19,https://projects.fivethirtyeight.com/2020-primary-forecast/nebraska
nebraska,Yang,45,2020-01-19,https://projects.fivethirtyeight.com/2020-primary-forecast/nebraska
nebraska,Steyer,45,2020-01-19,https://projects.fivethirtyeight.com/2020-primary-forecast/nebraska
nebraska,Delaney,45,2020-01-19,https://projects.fivethirtyeight.com/2020-primary-forecast/nebraska
nebraska,Bennet,45,2020-01-19,https://projects.fivethirtyeight.com/2020-primary-forecast/nebraska
nebraska,Gabbard,45,2020-01-19,https://projects.fivethirtyeight.com/2020-primary-forecast/nebraska
nebraska,Patrick,45,2020-01-19,https://projects.fivethirtyeight.com/2020-primary-forecast/nebraska
nebraska,Booker,45,2020-01-19,https://projects.fivethirtyeight.com/2020-primary-forecast/nebraska
nebraska,Harris,45,2020-01-19,https://projects.fivethirtyeight.com/2020-primary-forecast/nebraska
nebraska,Castro,45,2020-01-19,https://projects.fivethirtyeight.com/2020-primary-forecast/nebraska
nebraska,Bullock,45,2020-01-19,https://projects.fivethirtyeight.com/2020-primary-forecast/nebraska
nebraska,Williamson,45,2020-01-19,https://projects.fivethirtyeight.com/2020-primary-forecast/nebraska
nebraska,Sestak,45,2020-01-19,https://projects.fivethirtyeight.com/2020-primary-forecast/nebraska
nevada,Biden,37,2020-01-19,https://projects.fivethirtyeight.com/2020-primary-forecast/nevada
nevada,Sanders,32,2020-01-19,https://projects.fivethirtyeight.com/2020-primary-forecast/nevada
nevada,Warren,18,2020-01-19,https://projects.fivethirtyeight.com/2020-primary-forecast/nevada
nevada,Buttigieg,12,2020-01-19,https://projects.fivethirtyeight.com/2020-primary-forecast/nevada
nevada,Steyer,1,2020-01-19,https://projects.fivethirtyeight.com/2020-primary-forecast/nevada
nevada,Klobuchar,0.7,2020-01-19,https://projects.fivethirtyeight.com/2020-primary-forecast/nevada
nevada,Yang,0.1,2020-01-19,https://projects.fivethirtyeight.com/2020-primary-forecast/nevada
nevada,Bennet,0.1,2020-01-19,https://projects.fivethirtyeight.com/2020-primary-forecast/nevada
nevada,Bloomberg,0,2020-01-19,https://projects.fivethirtyeight.com/2020-primary-forecast/nevada
nevada,Delaney,0,2020-01-19,https://projects.fivethirtyeight.com/2020-primary-forecast/nevada
nevada,Patrick,0,2020-01-19,https://projects.fivethirtyeight.com/2020-primary-forecast/nevada
nevada,Gabbard,0,2020-01-19,https://projects.fivethirtyeight.com/2020-primary-forecast/nevada
new-hampshire,Sanders,31,2020-01-19,https://projects.fivethirtyeight.com/2020-primary-forecast/new-hampshire
new-hampshire,Biden,27,2020-01-19,https://projects.fivethirtyeight.com/2020-primary-forecast/new-hampshire
new-hampshire,Buttigieg,23,2020-01-19,https://projects.fivethirtyeight.com/2020-primary-forecast/new-hampshire
new-hampshire,Warren,18,2020-01-19,https://projects.fivethirtyeight.com/2020-primary-forecast/new-hampshire
new-hampshire,Klobuchar,1,2020-01-19,https://projects.fivethirtyeight.com/2020-primary-forecast/new-hampshire
new-hampshire,Steyer,0.1,2020-01-19,https://projects.fivethirtyeight.com/2020-primary-forecast/new-hampshire
new-hampshire,Yang,0.1,2020-01-19,https://projects.fivethirtyeight.com/2020-primary-forecast/new-hampshire
new-hampshire,Delaney,0.1,2020-01-19,https://projects.fivethirtyeight.com/2020-primary-forecast/new-hampshire
new-hampshire,Gabbard,0.1,2020-01-19,https://projects.fivethirtyeight.com/2020-primary-forecast/new-hampshire
new-hampshire,Bloomberg,0,2020-01-19,https://projects.fivethirtyeight.com/2020-primary-forecast/new-hampshire
new-hampshire,Patrick,0,2020-01-19,https://projects.fivethirtyeight.com/2020-primary-forecast/new-hampshire
new-hampshire,Bennet,0,2020-01-19,https://projects.fivethirtyeight.com/2020-primary-forecast/new-hampshire
new-jersey,Biden,49,2020-01-19,https://projects.fivethirtyeight.com/2020-primary-forecast/new-jersey
new-jersey,Sanders,22,2020-01-19,https://projects.fivethirtyeight.com/2020-primary-forecast/new-jersey
new-jersey,Warren,14,2020-01-19,https://projects.fivethirtyeight.com/2020-primary-forecast/new-jersey
new-jersey,Buttigieg,11,2020-01-19,https://projects.fivethirtyeight.com/2020-primary-forecast/new-jersey
new-jersey,Bloomberg,0.9,2020-01-19,https://projects.fivethirtyeight.com/2020-primary-forecast/new-jersey
new-jersey,Klobuchar,0.9,2020-01-19,https://projects.fivethirtyeight.com/2020-primary-forecast/new-jersey
new-jersey,Steyer,0.5,2020-01-19,https://projects.fivethirtyeight.com/2020-primary-forecast/new-jersey
new-jersey,Yang,0.4,2020-01-19,https://projects.fivethirtyeight.com/2020-primary-forecast/new-jersey
new-jersey,Gabbard,0.3,2020-01-19,https://projects.fivethirtyeight.com/2020-primary-forecast/new-jersey
new-jersey,Bennet,0.3,2020-01-19,https://projects.fivethirtyeight.com/2020-primary-forecast/new-jersey
new-jersey,Delaney,0.3,2020-01-19,https://projects.fivethirtyeight.com/2020-primary-forecast/new-jersey
new-jersey,Patrick,0.2,2020-01-19,https://projects.fivethirtyeight.com/2020-primary-forecast/new-jersey
new-mexico,Biden,48,2020-01-19,https://projects.fivethirtyeight.com/2020-primary-forecast/new-mexico
new-mexico,Sanders,25,2020-01-19,https://projects.fivethirtyeight.com/2020-primary-forecast/new-mexico
new-mexico,Warren,12,2020-01-19,https://projects.fivethirtyeight.com/2020-primary-forecast/new-mexico
new-mexico,Buttigieg,11,2020-01-19,https://projects.fivethirtyeight.com/2020-primary-forecast/new-mexico
new-mexico,Yang,1,2020-01-19,https://projects.fivethirtyeight.com/2020-primary-forecast/new-mexico
new-mexico,Klobuchar,1.0,2020-01-19,https://projects.fivethirtyeight.com/2020-primary-forecast/new-mexico
new-mexico,Bloomberg,0.8,2020-01-19,https://projects.fivethirtyeight.com/2020-primary-forecast/new-mexico
new-mexico,Steyer,0.4,2020-01-19,https://projects.fivethirtyeight.com/2020-primary-forecast/new-mexico
new-mexico,Bennet,0.3,2020-01-19,https://projects.fivethirtyeight.com/2020-primary-forecast/new-mexico
new-mexico,Delaney,0.3,2020-01-19,https://projects.fivethirtyeight.com/2020-primary-forecast/new-mexico
new-mexico,Gabbard,0.3,2020-01-19,https://projects.fivethirtyeight.com/2020-primary-forecast/new-mexico
new-mexico,Patrick,0.1,2020-01-19,https://projects.fivethirtyeight.com/2020-primary-forecast/new-mexico
new-york,Biden,48,2020-01-19,https://projects.fivethirtyeight.com/2020-primary-forecast/new-york
new-york,Sanders,24,2020-01-19,https://projects.fivethirtyeight.com/2020-primary-forecast/new-york
new-york,Warren,15,2020-01-19,https://projects.fivethirtyeight.com/2020-primary-forecast/new-york
new-york,Buttigieg,10,2020-01-19,https://projects.fivethirtyeight.com/2020-primary-forecast/new-york
new-york,Bloomberg,1,2020-01-19,https://projects.fivethirtyeight.com/2020-primary-forecast/new-york
new-york,Klobuchar,0.6,2020-01-19,https://projects.fivethirtyeight.com/2020-primary-forecast/new-york
new-york,Yang,0.2,2020-01-19,https://projects.fivethirtyeight.com/2020-primary-forecast/new-york
new-york,Steyer,0.2,2020-01-19,https://projects.fivethirtyeight.com/2020-primary-forecast/new-york
new-york,Bennet,0.2,2020-01-19,https://projects.fivethirtyeight.com/2020-primary-forecast/new-york
new-york,Gabbard,0.1,2020-01-19,https://projects.fivethirtyeight.com/2020-primary-forecast/new-york
new-york,Delaney,0.1,2020-01-19,https://projects.fivethirtyeight.com/2020-primary-forecast/new-york
new-york,Patrick,0.1,2020-01-19,https://projects.fivethirtyeight.com/2020-primary-forecast/new-york
north-carolina,Biden,56,2020-01-19,https://projects.fivethirtyeight.com/2020-primary-forecast/north-carolina
north-carolina,Sanders,22,2020-01-19,https://projects.fivethirtyeight.com/2020-primary-forecast/north-carolina
north-carolina,Warren,12,2020-01-19,https://projects.fivethirtyeight.com/2020-primary-forecast/north-carolina
north-carolina,Buttigieg,8,2020-01-19,https://projects.fivethirtyeight.com/2020-primary-forecast/north-carolina
north-carolina,Bloomberg,0.7,2020-01-19,https://projects.fivethirtyeight.com/2020-primary-forecast/north-carolina
north-carolina,Klobuchar,0.6,2020-01-19,https://projects.fivethirtyeight.com/2020-primary-forecast/north-carolina
north-carolina,Steyer,0.2,2020-01-19,https://projects.fivethirtyeight.com/2020-primary-forecast/north-carolina
north-carolina,Yang,0.1,2020-01-19,https://projects.fivethirtyeight.com/2020-primary-forecast/north-carolina
north-carolina,Delaney,0,2020-01-19,https://projects.fivethirtyeight.com/2020-primary-forecast/north-carolina
north-carolina,Patrick,0,2020-01-19,https://projects.fivethirtyeight.com/2020-primary-forecast/north-carolina
north-carolina,Gabbard,0,2020-01-19,https://projects.fivethirtyeight.com/2020-primary-forecast/north-carolina
north-carolina,Bennet,0,2020-01-19,https://projects.fivethirtyeight.com/2020-primary-forecast/north-carolina
north-dakota,Biden,39,2020-01-19,https://projects.fivethirtyeight.com/2020-primary-forecast/north-dakota
north-dakota,Sanders,27,2020-01-19,https://projects.fivethirtyeight.com/2020-primary-forecast/north-dakota
north-dakota,Warren,18,2020-01-19,https://projects.fivethirtyeight.com/2020-primary-forecast/north-dakota
north-dakota,Buttigieg,15,2020-01-19,https://projects.fivethirtyeight.com/2020-primary-forecast/north-dakota
north-dakota,Klobuchar,0.7,2020-01-19,https://projects.fivethirtyeight.com/2020-primary-forecast/north-dakota
north-dakota,Bloomberg,0.4,2020-01-19,https://projects.fivethirtyeight.com/2020-primary-forecast/north-dakota
north-dakota,Steyer,0.2,2020-01-19,https://projects.fivethirtyeight.com/2020-primary-forecast/north-dakota
north-dakota,Yang,0.1,2020-01-19,https://projects.fivethirtyeight.com/2020-primary-forecast/north-dakota
north-dakota,Delaney,0.1,2020-01-19,https://projects.fivethirtyeight.com/2020-primary-forecast/north-dakota
north-dakota,Gabbard,0.1,2020-01-19,https://projects.fivethirtyeight.com/2020-primary-forecast/north-dakota
north-dakota,Patrick,0,2020-01-19,https://projects.fivethirtyeight.com/2020-primary-forecast/north-dakota
north-dakota,Bennet,0,2020-01-19,https://projects.fivethirtyeight.com/2020-primary-forecast/north-dakota
ohio,Biden,47,2020-01-19,https://projects.fivethirtyeight.com/2020-primary-forecast/ohio
ohio,Sanders,26,2020-01-19,https://projects.fivethirtyeight.com/2020-primary-forecast/ohio
ohio,Warren,15,2020-01-19,https://projects.fivethirtyeight.com/2020-primary-forecast/ohio
ohio,Buttigieg,11,2020-01-19,https://projects.fivethirtyeight.com/2020-primary-forecast/ohio
ohio,Klobuchar,0.5,2020-01-19,https://projects.fivethirtyeight.com/2020-primary-forecast/ohio
ohio,Bloomberg,0.3,2020-01-19,https://projects.fivethirtyeight.com/2020-primary-forecast/ohio
ohio,Steyer,0.1,2020-01-19,https://projects.fivethirtyeight.com/2020-primary-forecast/ohio
ohio,Gabbard,0.1,2020-01-19,https://projects.fivethirtyeight.com/2020-primary-forecast/ohio
ohio,Bennet,0.1,2020-01-19,https://projects.fivethirtyeight.com/2020-primary-forecast/ohio
ohio,Patrick,0.1,2020-01-19,https://projects.fivethirtyeight.com/2020-primary-forecast/ohio
ohio,Delaney,0,2020-01-19,https://projects.fivethirtyeight.com/2020-primary-forecast/ohio
ohio,Yang,0,2020-01-19,https://projects.fivethirtyeight.com/2020-primary-forecast/ohio
oklahoma,Biden,47,2020-01-19,https://projects.fivethirtyeight.com/2020-primary-forecast/oklahoma
oklahoma,Sanders,20,2020-01-19,https://projects.fivethirtyeight.com/2020-primary-forecast/oklahoma
oklahoma,Warren,20,2020-01-19,https://projects.fivethirtyeight.com/2020-primary-forecast/oklahoma
oklahoma,Buttigieg,11,2020-01-19,https://projects.fivethirtyeight.com/2020-primary-forecast/oklahoma
oklahoma,Klobuchar,0.6,2020-01-19,https://projects.fivethirtyeight.com/2020-primary-forecast/oklahoma
oklahoma,Bloomberg,0.4,2020-01-19,https://projects.fivethirtyeight.com/2020-primary-forecast/oklahoma
oklahoma,Steyer,0.1,2020-01-19,https://projects.fivethirtyeight.com/2020-primary-forecast/oklahoma
oklahoma,Yang,0.1,2020-01-19,https://projects.fivethirtyeight.com/2020-primary-forecast/oklahoma
oklahoma,Delaney,0,2020-01-19,https://projects.fivethirtyeight.com/2020-primary-forecast/oklahoma
oklahoma,Patrick,0,2020-01-19,https://projects.fivethirtyeight.com/2020-primary-forecast/oklahoma
oklahoma,Gabbard,0,2020-01-19,https://projects.fivethirtyeight.com/2020-primary-forecast/oklahoma
oklahoma,Bennet,0,2020-01-19,https://projects.fivethirtyeight.com/2020-primary-forecast/oklahoma
oregon,Biden,44,2020-01-19,https://projects.fivethirtyeight.com/2020-primary-forecast/oregon
oregon,Sanders,25,2020-01-19,https://projects.fivethirtyeight.com/2020-primary-forecast/oregon
oregon,Warren,15,2020-01-19,https://projects.fivethirtyeight.com/2020-primary-forecast/oregon
oregon,Buttigieg,12,2020-01-19,https://projects.fivethirtyeight.com/2020-primary-forecast/oregon
oregon,Klobuchar,1,2020-01-19,https://projects.fivethirtyeight.com/2020-primary-forecast/oregon
oregon,Yang,0.9,2020-01-19,https://projects.fivethirtyeight.com/2020-primary-forecast/oregon
oregon,Bloomberg,0.8,2020-01-19,https://projects.fivethirtyeight.com/2020-primary-forecast/oregon
oregon,Steyer,0.8,2020-01-19,https://projects.fivethirtyeight.com/2020-primary-forecast/oregon
oregon,Delaney,0.3,2020-01-19,https://projects.fivethirtyeight.com/2020-primary-forecast/oregon
oregon,Bennet,0.3,2020-01-19,https://projects.fivethirtyeight.com/2020-primary-forecast/oregon
oregon,Gabbard,0.3,2020-01-19,https://projects.fivethirtyeight.com/2020-primary-forecast/oregon
oregon,Patrick,0.2,2020-01-19,https://projects.fivethirtyeight.com/2020-primary-forecast/oregon
